matrix,row,col,real,imag,abs,phase_rad
Ynu_star,1,1,-0.010806838466411981,0.004309504649367869,0.011634413950089835,2.7621421468827489
Ynu_star,1,2,-0.0082260354312606414,0.0068174575378427537,0.010683884415166819,2.4495559824318001
Ynu_star,1,3,-0.0087487557022522342,-0.017836899219198368,0.01986694994440592,-2.0268040956694531
Ynu_star,2,1,0.017173892854123064,-0.018833659845764426,0.025488219611241161,-0.83146052631364253
Ynu_star,2,2,-0.023840532711113985,0.034347156699903902,0.041810263970913288,2.177554939065053
Ynu_star,2,3,0.021438298801670023,-0.033264987411755341,0.039574739961418921,-0.99831819404393241
Ynu_star,3,1,-0.033257255239075571,-0.027647889669603871,0.043248708989050852,-2.4480354256286225
Ynu_star,3,2,0.0028354472467135143,0.034707317647633996,0.034822947310396653,1.4892814060427384
Ynu_star,3,3,-0.046814766095206579,0.03787950477938698,0.060220255785578533,2.46130585350009
