x,eta,continuum_imag,continuum_limit,continuum_abs_error,pole_imag,pole_limit_away_from_atom
0.1,0.01,0.11475685213895014,0.09934588265796103,0.015410969480989106,0.04074149521287432,0.0
0.1,0.001,0.1009204004714808,0.09934588265796103,0.0015745178135197768,0.004081557685675161,0.0
0.1,0.0001,0.09950366964416785,0.09934588265796103,0.00015778698620681764,0.00040816319033737327,0.0
0.2,0.01,0.29177421602701764,0.28099258924162906,0.010781626785388576,0.12430080795525177,0.0
0.2,0.001,0.28209434267917555,0.28099258924162906,0.0011017534375464821,0.01249929691454856,0.0
0.2,0.0001,0.2811030015585869,0.28099258924162906,0.00011041231695785303,0.001249999296875396,0.0
0.5,0.01,1.1018612276750452,1.1107207345395915,0.008859506864546285,0.07971303308090871,0.0
0.5,0.001,1.109849396593535,1.1107207345395915,0.0008713379460565385,0.007999712010367624,0.0
0.5,0.0001,1.1106337503105934,1.1107207345395915,8.698422899811042e-05,0.0007999997120001035,0.0
0.8,0.01,2.1891205737600115,2.2479407139330325,0.05882014017302106,0.010199398235504102,0.0
0.8,0.001,2.2420657647567737,2.2479407139330325,0.005874949176258859,0.0010204034777391323,0.0
0.8,0.0001,2.247353332763086,2.2479407139330325,0.0005873811699466103,0.0001020408116409831,0.0
